JobName,ReqMem,ReqCPUs,ReqGPUs,ReqDuration,ActualDuration,Submit
job1,31000000,1,0,86400,29838651,1580141192
job2,1000000,1,0,172800,19518204,1589856931
job3,8000000,8,0,86400,19467503,1590527240
job4,8000000,8,0,86400,19467382,1590527359
job5,1000000,1,0,259200,19381438,1590586619
job6,1000000,1,0,259200,19379507,1590586619
job7,120000000,32,0,360000,19384619,1590610139
job8,20000000,32,2,2160000,4,1607433935
job9,16000000,1,0,2163600,2,1607433935
job10,16000000,1,0,2163600,3,1607433935
job11,20000000,6,1,2160000,3,1607433935
job12,20000000,32,2,2160000,4,1607433935
job13,20000000,32,2,2160000,4,1607433935
job14,20000000,8,1,2160000,3,1607433935
job15,20000000,32,2,2160000,4,1607433935
job16,20000000,8,1,2160000,3,1607433935
job17,16000000,1,0,1803600,3,1607662980
job18,16000000,1,0,1803600,3,1607662997
job19,16000000,1,0,1803600,3,1607663016
job20,16000000,1,0,1803600,3,1607663025
job21,16000000,1,0,1803600,3,1607663037
job22,16000000,1,0,1803600,3,1607663050
job23,16000000,1,0,1803600,2,1607663065
job24,16000000,1,0,1803600,2,1607663074
job25,16000000,1,0,1803600,3,1607705981
job26,8000000,8,1,1677600,1677609,1607972617
job27,16000000,1,0,1803600,2,1608052095
job28,16000000,1,0,1803600,3,1608053292
job29,16000000,1,0,2163600,2,1608076105
job30,16000000,1,0,1803600,3,1608144330
job31,16000000,1,0,1803600,3,1608144356
job32,16000000,1,0,1803600,2,1608175288
job33,16000000,16,1,1200600,1200614,1608397903
job34,72000000,6,0,1123200,1123226,1608420768
job35,90000000,6,0,1123200,1123225,1608420920
job36,90000000,6,0,1123200,1123222,1608421074
job37,90000000,6,0,1123200,1123208,1608421448
job38,90000000,6,0,1123200,1123202,1608421780
job39,90000000,6,0,1036800,1036820,1608514202
job40,90000000,6,0,1036800,1036810,1608514392
job41,96000000,6,0,1036800,1036812,1608514539
job42,84000000,6,0,1036800,1036809,1608515480
job43,120000000,8,0,1036800,1036822,1608515766
job44,102000000,6,0,1036800,1036812,1608515866
job45,102000000,6,0,1036800,1036803,1608515997
job46,120000000,8,0,1036800,1036803,1608516127
job47,84000000,6,0,1036800,1036801,1608516328
job48,96000000,8,0,1036800,1036823,1608516427
job49,280000000,14,0,1036800,1036814,1608516676
job50,128000000,1,0,1296000,1296009,1608576672
job51,128000000,1,0,1296000,1296007,1608576950
job52,12000000,20,0,1296000,1296028,1608589860
job53,8000000,8,1,1202400,1202400,1608653688
job54,8000000,8,1,1200600,1200600,1608653777
job55,8000000,8,1,1200600,1200616,1608653941
job56,8000000,8,1,1200600,1200600,1608654108
job57,8000000,8,1,1200600,1200612,1608654186
job58,8000000,8,1,1200600,1200622,1608654266
job59,8000000,8,1,1200600,1200626,1608654322
job60,8000000,8,1,1202400,1202418,1608654388
job61,8000000,8,1,1202400,1202420,1608654448
job62,400000000,16,0,1249200,1249226,1608658620
job63,400000000,24,0,2419200,3,1608658726
job64,32000000,32,0,1216800,1216811,1608663506
job65,8000000,8,1,1202400,843558,1608664398
job66,16000000,16,1,1202400,1202403,1608664490
job67,8000000,8,1,1200600,1200611,1608665142
job68,8000000,8,1,1200600,1200613,1608665529
job69,8000000,8,1,1200600,1200626,1608665607
job70,8000000,8,1,1200600,1200617,1608665705
job71,8000000,8,1,1200600,1200613,1608665769
job72,8000000,8,1,1200600,1200603,1608665929
job73,8000000,8,1,1200600,1200613,1608666010
job74,8000000,8,1,1200600,1200621,1608666122
job75,8000000,8,1,1200600,1200609,1608666163
job76,128000000,8,0,1209600,1067229,1608667431
job77,50000000,50,0,691200,691222,1608871284
job79,80000000,80,0,691200,691200,1608871397
job81,80000000,80,0,691200,687741,1608967054
job83,20000000,20,0,518400,518401,1608994639
job84,32000000,32,0,864000,464862,1609039644
job85,32000000,32,0,864000,554649,1609039644
job86,32000000,32,0,864000,682906,1609039644
job87,32000000,32,0,864000,513828,1609039644
job88,128000000,16,0,536400,536428,1609044731
job89,256000000,1,0,687600,329598,1609166528
job90,72000000,6,0,604800,562424,1609172249
job91,128000000,16,0,536400,536409,1609176238
job92,20000000,20,0,518400,404796,1609256221
job93,128000000,256,0,345600,279159,1609260169
job94,84000000,6,0,518400,240545,1609263108
job95,2000000,1,0,516600,215883,1609276455
job96,2000000,1,0,516600,221423,1609276475
job97,2000000,1,0,516600,234716,1609276482
job98,2000000,1,0,516600,216634,1609276641
job99,16000000,1,0,345600,266865,1609276862
job100,200000000,1,0,345600,345618,1609280539
job101,128000000,256,0,345600,90241,1609283677
job102,120000000,32,2,619200,579012,1609285143
job103,16000000,8,0,518400,518405,1609287176
job104,16000000,8,0,518400,518412,1609287199
job105,16000000,8,0,518400,518412,1609287228
job106,16000000,8,0,518400,518422,1609287248
job107,400000000,100,0,257400,251619,1609294242
job109,192000000,96,0,430200,430224,1609347168
job111,120000000,32,2,554400,439298,1609349266
job112,84000000,6,0,432000,383703,1609350964
job113,120000000,32,2,554400,506879,1609357277
job114,32000000,32,0,216000,200107,1609378685
job115,32000000,32,0,216000,145055,1609378685
job116,32000000,32,0,216000,144014,1609378685
job117,32000000,32,0,216000,216019,1609378685
job118,32000000,32,0,216000,216019,1609378685
job119,32000000,32,0,216000,216019,1609378685
job120,32000000,32,0,216000,216019,1609378685
job121,32000000,32,0,216000,126996,1609378705
job122,32000000,32,0,216000,126166,1609378705
job123,32000000,32,0,216000,216017,1609394758
job124,32000000,32,0,216000,216012,1609394758
job125,32000000,32,0,216000,168891,1609394767
job126,32000000,32,0,216000,189547,1609394767
job127,32000000,32,0,216000,188566,1609394767
job128,40000000,40,0,216000,174115,1609395724
job129,40000000,40,0,216000,172633,1609395724
job130,40000000,40,0,216000,197866,1609395724
job131,40000000,40,0,216000,207501,1609395724
job132,40000000,40,0,216000,216029,1609395825
job133,40000000,40,0,216000,216029,1609395825
job134,40000000,40,0,216000,216021,1609395825
job135,40000000,40,0,216000,216021,1609395825
job136,32000000,32,0,216000,196279,1609399926
job137,150000000,20,0,72000,72012,1609415187
job138,200000000,1,0,86340,86349,1609417210
job139,200000000,1,0,86340,86369,1609424992
job140,30000000,96,0,43200,20602,1609431531
job146,30000000,96,0,21600,8579,1609431531
job150,30000000,96,0,21600,18965,1609431531
job158,30000000,96,0,21600,21610,1609431531
job163,30000000,96,0,21600,21610,1609431531
job166,30000000,96,0,21600,21629,1609431532
job169,30000000,96,0,21600,21629,1609431532
job172,30000000,96,0,21600,21602,1609431532
job175,20000000,20,0,518400,4,1609432661
job176,32000000,32,0,216000,161604,1609434377
job177,20000000,20,0,518400,3,1609436069
job178,20000000,20,0,518400,3,1609436439
job179,32000000,32,0,345600,242060,1609438095
job180,16000000,16,0,172740,44253,1609438303
job181,16000000,16,0,172740,49978,1609438304
job182,16000000,16,0,172740,43100,1609438304
job183,16000000,16,0,172740,50434,1609438305
job184,16000000,16,0,172740,50067,1609438305
job185,16000000,16,0,172740,50346,1609438305
job186,16000000,16,0,172740,49746,1609438306
job187,16000000,16,0,172740,54085,1609438306
job188,16000000,16,0,172740,53804,1609438306
job189,16000000,16,0,172740,46096,1609438308
job190,16000000,16,0,172740,54427,1609438308
job191,16000000,16,0,172740,150410,1609438308
job192,16000000,16,0,172740,44097,1609438308
job193,16000000,16,0,172740,44788,1609438308
job194,16000000,16,0,172740,60266,1609438308
job195,16000000,16,0,172740,59840,1609438309
job196,16000000,16,0,172740,60101,1609438310
job197,16000000,16,0,172740,60315,1609438310
job198,16000000,16,0,172740,59692,1609438310
job199,16000000,16,0,172740,60142,1609438311
job200,16000000,16,0,172740,59121,1609438311
job201,16000000,16,0,172740,59359,1609438311
job202,16000000,16,0,172740,59778,1609438311
job203,16000000,16,0,172740,59986,1609438311
job204,16000000,16,0,172740,59898,1609438311
job205,16000000,16,0,172740,59824,1609438312
job206,16000000,16,0,172740,60207,1609438312
job207,16000000,16,0,172740,59277,1609438312
job208,16000000,16,0,172740,58880,1609438312
job209,16000000,16,0,172740,58772,1609438312
job210,16000000,16,0,172740,57371,1609438313
job211,16000000,16,0,172740,52201,1609438313
job212,16000000,16,0,172740,55315,1609438313
job213,16000000,16,0,172740,56889,1609438313
job214,16000000,16,0,172740,56187,1609438313
job215,16000000,16,0,172740,56503,1609438313
job216,16000000,16,0,172740,57655,1609438314
job217,16000000,16,0,172740,57570,1609438314
job218,16000000,16,0,172740,58269,1609438314
job219,16000000,16,0,172740,58073,1609438314
job220,16000000,16,0,172740,57001,1609438315
job221,16000000,16,0,172740,58341,1609438315
job222,16000000,16,0,172740,58393,1609438315
job223,16000000,16,0,172740,58096,1609438315
job224,16000000,16,0,172740,59397,1609438315
job225,16000000,16,0,172740,59408,1609438316
job226,16000000,16,0,172740,59081,1609438316
job227,192000000,96,0,257400,82088,1609441403
job229,192000000,96,0,430200,430208,1609441520
job231,8000000,8,0,1296000,4,1609450356
job232,8000000,8,0,1296000,4,1609450356
job233,8000000,8,0,1296000,4,1609450356
job234,8000000,8,0,1296000,4,1609450357
job235,8000000,8,0,1296000,4,1609450357
job236,8000000,8,0,1296000,4,1609450357
job237,8000000,8,0,1296000,4,1609450357
job238,8000000,8,0,1296000,4,1609450358
job239,8000000,8,0,1296000,4,1609450358
job240,8000000,8,0,1296000,4,1609450358
job241,8000000,8,0,1296000,4,1609450360
job242,8000000,8,0,1296000,4,1609450361
job243,8000000,8,0,1296000,4,1609450361
job244,8000000,8,0,1296000,4,1609450361
job245,8000000,8,0,1296000,4,1609450361
job246,8000000,8,0,1296000,4,1609450361
job247,8000000,8,0,1296000,4,1609450362
job248,8000000,8,0,1296000,4,1609450362
job249,8000000,8,0,1296000,4,1609450362
job250,8000000,8,0,1296000,4,1609450362
job251,8000000,8,0,1296000,4,1609450363
job252,192000000,96,0,430200,345872,1609450573
job254,192000000,96,0,430200,430214,1609450604
job256,32000000,32,0,216000,3142,1609453797
job257,4000000,1,0,90000,90011,1609459144
job258,4000000,1,0,90000,90000,1609459187
job259,50000000,50,0,85800,68532,1609459386
job261,50000000,50,0,85800,85825,1609459395
job263,50000000,50,0,85800,85825,1609459458
job265,50000000,50,0,85800,64936,1609459463
job267,50000000,4,0,72000,26843,1609467027
job269,32000000,32,0,216000,149374,1609476452
job270,4000000,1,0,90000,8418,1609481868
job271,4000000,1,0,90000,90026,1609481965
job272,150000000,20,0,72000,72002,1609488867
job273,50000000,1,0,72000,15843,1609507217
job274,50000000,1,0,72000,54440,1609507217
job275,50000000,1,0,72000,54440,1609507217
job276,50000000,1,0,72000,54440,1609507217
job277,50000000,1,0,72000,54440,1609507217
job278,50000000,1,0,72000,54440,1609507217
job279,50000000,1,0,72000,54440,1609507217
job280,50000000,1,0,72000,54440,1609507217
job281,50000000,1,0,72000,54440,1609507217
job282,50000000,1,0,72000,54440,1609507217
job283,256000000,1,0,342000,1396,1609511174
job284,256000000,1,0,342000,6412,1609512913
job285,140000000,112,0,43200,1755,1609513568
job293,512000000,128,0,172800,172802,1609513649
job295,16000000,1,0,86340,23071,1609517076
job296,16000000,1,0,86340,23113,1609517076
job297,16000000,1,0,86340,20202,1609517077
job298,16000000,1,0,86340,20167,1609517077
job299,16000000,1,0,86340,19625,1609517077
job300,16000000,1,0,86340,19691,1609517077
job301,16000000,1,0,86340,20304,1609517077
job302,16000000,1,0,86340,20429,1609517078
job303,16000000,1,0,86340,21758,1609517078
job304,16000000,1,0,86340,16759,1609517078
job305,32000000,1,0,82800,12980,1609517261
job306,70000000,16,0,10800,4787,1609519430
job307,20000000,20,0,518400,3,1609519474
job308,16000000,16,0,172740,49128,1609519489
job309,16000000,16,0,172740,47628,1609519489
job310,16000000,16,0,172740,45862,1609519489
job311,16000000,16,0,172740,45914,1609519489
job312,1280000000,16,0,108000,41268,1609522936
job313,280000000,112,0,43200,1217,1609526962
job316,210000000,112,0,43200,4323,1609528263
job323,20000000,1,0,82800,1687,1609529543
job324,20000000,1,0,82800,1616,1609529543
job325,20000000,1,0,82800,3975,1609529586
job326,20000000,1,0,82800,4158,1609529586
job327,10000000,1,2,360,383,1609529674
job328,10000000,1,2,360,390,1609529674
job329,10000000,1,2,360,360,1609529674
job330,10000000,1,2,360,360,1609529674
job331,10000000,1,2,360,360,1609529674
job332,10000000,1,2,360,360,1609529679
job333,10000000,1,2,360,380,1609529679
job334,10000000,1,2,360,380,1609529679
job335,10000000,1,2,360,380,1609529680
job336,10000000,1,2,360,380,1609529680
job337,10000000,1,2,360,380,1609529685
job338,10000000,1,2,360,379,1609529685
job339,10000000,1,2,360,114,1609529686
job340,10000000,1,2,360,116,1609529686
job341,10000000,1,2,360,117,1609529687
job342,10000000,1,2,360,118,1609529697
job343,10000000,1,2,360,119,1609529698
job344,10000000,1,2,360,59,1609529698
job345,32000000,32,0,216000,95936,1609529699
job346,10000000,1,2,21600,14173,1609530729
job347,10000000,1,2,21960,17354,1609530729
job348,10000000,1,2,21960,13980,1609530729
job349,10000000,1,2,21960,14143,1609530730
job350,10000000,1,2,21960,14100,1609530730
job351,10000000,1,2,21600,14191,1609532240
job352,10000000,1,2,21960,14107,1609532240
job353,10000000,1,2,21960,14079,1609532241
job354,10000000,1,2,21960,14239,1609532241
job355,10000000,1,2,21960,14276,1609532241
job356,10000000,1,2,21600,8015,1609532246
job357,10000000,1,2,21960,7918,1609532246
job358,10000000,1,2,21960,9828,1609532247
job359,10000000,1,2,21960,7977,1609532247
job360,10000000,1,2,21960,7957,1609532248
job361,10000000,1,2,21600,21617,1609532254
job362,10000000,1,2,21960,18966,1609532254
job363,10000000,1,2,21960,19024,1609532255
job364,10000000,1,2,21960,19030,1609532255
job365,10000000,1,2,21960,18992,1609532255
job366,10000000,1,2,21600,19299,1609532265
job367,10000000,1,2,21960,19137,1609532265
job368,10000000,1,2,21960,19048,1609532265
job369,10000000,1,2,21960,19159,1609532265
job370,10000000,1,2,21960,19209,1609532265
job371,10000000,1,2,21600,9887,1609532270
job372,10000000,1,2,21960,12138,1609532271
job373,10000000,1,2,21960,9892,1609532271
job374,10000000,1,2,21960,9836,1609532271
job375,10000000,1,2,21960,9898,1609532271
job376,12000000,6,0,43200,62,1609535380
job377,12000000,6,0,43200,62,1609535385
job378,10000000,1,0,82800,987,1609535748
job379,10000000,1,0,82800,991,1609535748
job380,10000000,1,0,82800,12,1609535748
job381,10000000,1,0,82800,12,1609535748
job382,10000000,1,0,82800,12,1609535748
job383,10000000,1,0,82800,12,1609535748
job384,10000000,1,0,82800,9,1609535748
job385,10000000,1,0,82800,8,1609535748
job386,10000000,1,0,82800,9,1609535748
job387,10000000,1,0,82800,9,1609535748
job388,1000000,4,0,43200,303,1609536417
job389,32000000,4,0,86400,7004,1609536623
job390,5000000,20,0,43200,833,1609536759
job391,256000000,1,0,342000,294516,1609537381
job392,4000000,1,0,345600,4010,1609539246
job393,4000000,1,0,345600,2924,1609539247
job394,4000000,1,0,345600,4165,1609539248
job395,4000000,1,0,345600,4873,1609539248
job396,4000000,1,0,345600,4133,1609539249
job397,4000000,1,0,345600,4122,1609539250
job398,4000000,1,0,345600,2751,1609539250
job399,4000000,1,0,345600,3963,1609539251
job400,4000000,1,0,345600,3353,1609539252
job401,4000000,1,0,345600,3161,1609539252
job402,4000000,1,0,345600,3190,1609539253
job403,4000000,1,0,345600,2916,1609539254
job404,4000000,1,0,345600,3784,1609539254
job405,4000000,1,0,345600,2713,1609539255
job406,4000000,1,0,345600,2954,1609539256
job407,4000000,1,0,345600,3175,1609539256
job408,4000000,1,0,345600,2193,1609539257
job409,4000000,1,0,345600,2592,1609539258
job410,4000000,1,0,345600,2361,1609539259
job411,4000000,1,0,345600,3503,1609539259
job412,4000000,1,0,345600,4990,1609539260
job413,4000000,1,0,345600,4990,1609539261
job414,4000000,1,0,345600,1827,1609539262
job415,4000000,1,0,345600,2372,1609539262
job416,4000000,1,0,345600,3289,1609539263
job417,4000000,1,0,345600,4980,1609539264
job418,4000000,1,0,345600,3942,1609539264
job419,4000000,1,0,345600,3626,1609539265
job420,4000000,1,0,345600,2091,1609539266
job421,4000000,1,0,345600,3222,1609539267
job422,4000000,1,0,345600,3230,1609539267
job423,4000000,1,0,345600,3828,1609539268
job424,4000000,1,0,345600,3204,1609539269
job425,4000000,1,0,345600,4980,1609539269
job426,4000000,1,0,345600,1703,1609539270
job427,4000000,1,0,345600,4057,1609539271
job428,4000000,1,0,345600,3174,1609539273
job429,4000000,1,0,345600,3193,1609539273
job430,4000000,1,0,345600,4389,1609539274
job431,4000000,1,0,345600,2940,1609539275
job432,4000000,1,0,345600,2245,1609539275
job433,4000000,1,0,345600,3733,1609539276
job434,4000000,1,0,345600,4948,1609539277
job435,4000000,1,0,345600,2974,1609539277
job436,4000000,1,0,345600,3301,1609539278
job437,4000000,1,0,345600,3024,1609539279
job438,4000000,1,0,345600,3147,1609539279
job439,4000000,1,0,345600,2121,1609539280
job440,4000000,1,0,345600,3460,1609539281
job441,4000000,1,0,345600,2093,1609539281
job442,4000000,1,0,345600,4948,1609539282
job443,4000000,1,0,345600,4524,1609539283
job444,4000000,1,0,345600,4307,1609539283
job445,4000000,1,0,345600,3035,1609539284
job446,4000000,1,0,345600,4099,1609539285
job447,4000000,1,0,345600,2356,1609539285
job448,4000000,1,0,345600,2996,1609539286
job449,4000000,1,0,345600,4195,1609539287
job450,4000000,1,0,345600,3784,1609539288
job451,4000000,1,0,345600,3153,1609539288
job452,4000000,1,0,345600,4948,1609539289
job453,4000000,1,0,345600,4365,1609539290
job454,4000000,1,0,345600,3634,1609539291
job455,4000000,1,0,345600,2626,1609539291
job456,4000000,1,0,345600,3365,1609539292
job457,4000000,1,0,345600,3500,1609539293
job458,4000000,1,0,3600,54,1609541512
job459,4000000,1,0,3600,122,1609541877
job460,8000000,1,0,3600,167,1609542151
job461,8000000,1,0,3600,29,1609542507
job462,8000000,1,0,3600,33,1609542761
job463,10000000,1,0,82800,997,1609543881
job464,10000000,1,0,82800,991,1609543881
job465,10000000,1,0,82800,1528,1609543881
job466,10000000,1,0,82800,1520,1609543881
job467,10000000,1,0,82800,800,1609543881
job468,10000000,1,0,82800,814,1609543881
job469,10000000,1,0,82800,8,1609543881
job470,10000000,1,0,82800,8,1609543881
job471,10000000,1,0,82800,8,1609543881
job472,10000000,1,0,82800,8,1609543881
job473,4000000,1,0,345600,2755,1609544281
job474,4000000,1,0,345600,2289,1609544282
job475,4000000,1,0,345600,3690,1609544283
job476,4000000,1,0,345600,2687,1609544283
job477,4000000,1,0,345600,2475,1609544284
job478,4000000,1,0,345600,3060,1609544285
job479,4000000,1,0,345600,3036,1609544285
job480,4000000,1,0,345600,3057,1609544286
job481,4000000,1,0,345600,3741,1609544287
job482,4000000,1,0,345600,3756,1609544288
job483,4000000,1,0,345600,3023,1609544288
job484,4000000,1,0,345600,2157,1609544289
job485,4000000,1,0,345600,5435,1609544290
job486,4000000,1,0,345600,3409,1609544290
job487,4000000,1,0,345600,2525,1609544291
job488,4000000,1,0,345600,3152,1609544292
job489,4000000,1,0,345600,4899,1609544292
job490,4000000,1,0,345600,4290,1609544293
job491,4000000,1,0,345600,4563,1609544294
job492,4000000,1,0,345600,4110,1609544294
job493,4000000,1,0,345600,5246,1609544295
job494,4000000,1,0,345600,3537,1609544296
job495,4000000,1,0,345600,3675,1609544296
job496,4000000,1,0,345600,2844,1609544297
job497,4000000,1,0,345600,4298,1609544298
job498,4000000,1,0,345600,3480,1609544299
job499,4000000,1,0,345600,5755,1609544301
job500,4000000,1,0,345600,2468,1609544301
job501,4000000,1,0,345600,2701,1609544303
job502,4000000,1,0,345600,2741,1609544303
job503,4000000,1,0,345600,2741,1609544304
job504,4000000,1,0,345600,5852,1609544305
job505,4000000,1,0,345600,3820,1609544305
job506,4000000,1,0,345600,3191,1609544306
job507,4000000,1,0,345600,3365,1609544307
job508,4000000,1,0,345600,2962,1609544307
job509,4000000,1,0,345600,2846,1609544308
job510,4000000,1,0,345600,2699,1609544309
job511,4000000,1,0,345600,4685,1609544310
job512,4000000,1,0,345600,5589,1609544310
job513,4000000,1,0,345600,2485,1609544311
job514,4000000,1,0,345600,3635,1609544312
job515,4000000,1,0,345600,2268,1609544312
job516,4000000,1,0,345600,3543,1609544313
job517,4000000,1,0,345600,2987,1609544314
job518,10000000,1,0,86400,33,1609547215
job519,10000000,1,0,86400,33,1609547215
job520,10000000,1,0,86400,33,1609547215
job521,10000000,1,0,86400,33,1609547215
job522,10000000,1,0,86400,32,1609547215
job523,10000000,1,0,86400,32,1609547215
job524,10000000,1,0,86400,33,1609547215
job525,10000000,1,0,86400,32,1609547215
job526,10000000,1,0,86400,32,1609547215
job527,10000000,1,0,86400,30,1609547215
job528,10000000,1,0,86400,30,1609547215
job529,10000000,1,0,86400,30,1609547215
job530,10000000,1,0,86400,30,1609547215
job531,10000000,1,0,86400,30,1609547215
job532,10000000,1,0,86400,30,1609547215
job533,10000000,1,0,86400,30,1609547215
job534,10000000,1,0,86400,30,1609547215
job535,10000000,1,0,86400,30,1609547215
job536,10000000,1,0,86400,30,1609547215
job537,10000000,1,0,86400,30,1609547215
job538,10000000,1,0,86400,14,1609547330
job539,10000000,1,0,86400,13,1609547330
job540,10000000,1,0,86400,13,1609547330
job541,10000000,1,0,86400,13,1609547330
job542,10000000,1,0,86400,14,1609547330
job543,10000000,1,0,86400,14,1609547330
job544,10000000,1,0,86400,14,1609547330
job545,10000000,1,0,86400,14,1609547330
job546,10000000,1,0,86400,14,1609547330
job547,10000000,1,0,86400,9,1609547330
job548,10000000,1,0,86400,9,1609547330
job549,10000000,1,0,86400,10,1609547330
job550,10000000,1,0,86400,10,1609547330
job551,10000000,1,0,86400,9,1609547330
job552,10000000,1,0,86400,9,1609547330
job553,10000000,1,0,86400,10,1609547330
job554,10000000,1,0,86400,10,1609547330
job555,10000000,1,0,86400,10,1609547330
job556,10000000,1,0,86400,6,1609547330
job557,10000000,1,0,86400,6,1609547330
job558,10000000,1,0,86400,16,1609547598
job559,10000000,1,0,86400,16,1609547598
job560,10000000,1,0,86400,15,1609547598
job561,10000000,1,0,86400,15,1609547598
job562,10000000,1,0,86400,16,1609547598
job563,10000000,1,0,86400,16,1609547598
job564,10000000,1,0,86400,16,1609547598
job565,10000000,1,0,86400,16,1609547598
job566,10000000,1,0,86400,15,1609547598
job567,10000000,1,0,86400,11,1609547598
job568,10000000,1,0,86400,11,1609547598
job569,10000000,1,0,86400,11,1609547598
job570,10000000,1,0,86400,11,1609547598
job571,10000000,1,0,86400,11,1609547598
job572,10000000,1,0,86400,11,1609547598
job573,10000000,1,0,86400,11,1609547598
job574,10000000,1,0,86400,12,1609547598
job575,10000000,1,0,86400,11,1609547598
job576,10000000,1,0,86400,8,1609547598
job577,10000000,1,0,86400,8,1609547598
job578,50000000,50,0,85800,22503,1609547638
job580,50000000,50,0,85800,24405,1609547640
job582,10000000,1,0,86400,15,1609547645
job583,10000000,1,0,86400,15,1609547645
job584,10000000,1,0,86400,15,1609547645
job585,10000000,1,0,86400,16,1609547645
job586,10000000,1,0,86400,16,1609547645
job587,10000000,1,0,86400,15,1609547645
job588,10000000,1,0,86400,16,1609547645
job589,10000000,1,0,86400,16,1609547645
job590,10000000,1,0,86400,15,1609547645
job591,10000000,1,0,86400,11,1609547645
job592,10000000,1,0,86400,11,1609547645
job593,10000000,1,0,86400,11,1609547645
job594,10000000,1,0,86400,11,1609547645
job595,10000000,1,0,86400,11,1609547645
job596,10000000,1,0,86400,12,1609547645
job597,10000000,1,0,86400,11,1609547645
job598,10000000,1,0,86400,11,1609547645
job599,10000000,1,0,86400,11,1609547645
job600,10000000,1,0,86400,5,1609547645
job601,10000000,1,0,86400,5,1609547645
job602,50000000,50,0,85800,14067,1609547662
job604,50000000,50,0,85800,25941,1609547668
job606,10000000,1,0,86400,19,1609547772
job607,10000000,1,0,86400,19,1609547772
job608,10000000,1,0,86400,19,1609547772
job609,10000000,1,0,86400,20,1609547772
job610,10000000,1,0,86400,19,1609547772
job611,10000000,1,0,86400,19,1609547772
job612,10000000,1,0,86400,19,1609547772
job613,10000000,1,0,86400,19,1609547772
job614,10000000,1,0,86400,19,1609547772
job615,10000000,1,0,86400,15,1609547772
job616,10000000,1,0,86400,15,1609547772
job617,10000000,1,0,86400,14,1609547772
job618,10000000,1,0,86400,14,1609547772
job619,10000000,1,0,86400,14,1609547772
job620,10000000,1,0,86400,9,1609547772
job621,10000000,1,0,86400,9,1609547772
job622,10000000,1,0,86400,10,1609547772
job623,10000000,1,0,86400,14,1609547772
job624,10000000,1,0,86400,14,1609547772
job625,10000000,1,0,86400,14,1609547772
job626,10000000,1,0,86400,6,1609547838
job627,10000000,1,0,86400,6,1609547838
job628,10000000,1,0,86400,6,1609547838
job629,10000000,1,0,86400,6,1609547838
job630,10000000,1,0,86400,6,1609547838
job631,10000000,1,0,86400,6,1609547838
job632,10000000,1,0,86400,6,1609547838
job633,10000000,1,0,86400,6,1609547838
job634,10000000,1,0,86400,6,1609547838
job635,10000000,1,0,86400,6,1609547838
job636,10000000,1,0,86400,5,1609547838
job637,10000000,1,0,86400,5,1609547838
job638,10000000,1,0,86400,5,1609547838
job639,10000000,1,0,86400,5,1609547838
job640,10000000,1,0,86400,5,1609547838
job641,10000000,1,0,86400,5,1609547838
job642,10000000,1,0,86400,5,1609547838
job643,10000000,1,0,86400,5,1609547838
job644,10000000,1,0,86400,5,1609547838
job645,10000000,1,0,86400,5,1609547838
job646,10000000,1,0,86400,11,1609547901
job647,10000000,1,0,86400,9,1609547901
job648,10000000,1,0,86400,9,1609547901
job649,10000000,1,0,86400,9,1609547901
job650,10000000,1,0,86400,10,1609547901
job651,10000000,1,0,86400,10,1609547901
job652,10000000,1,0,86400,9,1609547901
job653,10000000,1,0,86400,8,1609547901
job654,10000000,1,0,86400,12,1609547901
job655,10000000,1,0,86400,12,1609547901
job656,10000000,1,0,86400,11,1609547901
job657,10000000,1,0,86400,11,1609547901
job658,10000000,1,0,86400,11,1609547901
job659,10000000,1,0,86400,11,1609547901
job660,10000000,1,0,86400,8,1609547901
job661,10000000,1,0,86400,8,1609547901
job662,10000000,1,0,86400,8,1609547901
job663,10000000,1,0,86400,11,1609547901
job664,10000000,1,0,86400,11,1609547901
job665,10000000,1,0,86400,11,1609547901
job666,10000000,1,0,86400,7,1609547935
job667,10000000,1,0,86400,11,1609547935
job668,10000000,1,0,86400,7,1609547935
job669,10000000,1,0,86400,11,1609547935
job670,10000000,1,0,86400,7,1609547935
job671,10000000,1,0,86400,7,1609547935
job672,10000000,1,0,86400,11,1609547935
job673,10000000,1,0,86400,7,1609547935
job674,10000000,1,0,86400,7,1609547935
job675,10000000,1,0,86400,11,1609547935
job676,10000000,1,0,86400,10,1609547935
job677,10000000,1,0,86400,6,1609547935
job678,10000000,1,0,86400,6,1609547935
job679,10000000,1,0,86400,9,1609547935
job680,10000000,1,0,86400,6,1609547935
job681,10000000,1,0,86400,6,1609547935
job682,10000000,1,0,86400,6,1609547935
job683,10000000,1,0,86400,6,1609547935
job684,10000000,1,0,86400,10,1609547935
job685,10000000,1,0,86400,10,1609547935
job686,10000000,1,0,86400,15,1609547974
job687,10000000,1,0,86400,15,1609547974
job688,10000000,1,0,86400,15,1609547974
job689,10000000,1,0,86400,15,1609547974
job690,10000000,1,0,86400,14,1609547974
job691,10000000,1,0,86400,15,1609547974
job692,10000000,1,0,86400,15,1609547974
job693,10000000,1,0,86400,15,1609547974
job694,10000000,1,0,86400,14,1609547974
job695,10000000,1,0,86400,15,1609547974
job696,10000000,1,0,86400,14,1609547974
job697,10000000,1,0,86400,14,1609547974
job698,10000000,1,0,86400,14,1609547974
job699,10000000,1,0,86400,14,1609547974
job700,10000000,1,0,86400,7,1609547974
job701,10000000,1,0,86400,7,1609547974
job702,10000000,1,0,86400,7,1609547974
job703,10000000,1,0,86400,14,1609547974
job704,10000000,1,0,86400,14,1609547974
job705,10000000,1,0,86400,14,1609547974
job706,64000000,16,0,345600,39,1609548218
job707,64000000,16,0,345600,127205,1609548342
job708,4000000,1,0,345600,2543,1609549319
job709,4000000,1,0,345600,2610,1609549320
job710,4000000,1,0,345600,4167,1609549321
job711,4000000,1,0,345600,1305,1609549322
job712,4000000,1,0,345600,4137,1609549322
job713,4000000,1,0,345600,3495,1609549323
job714,4000000,1,0,345600,5254,1609549324
job715,4000000,1,0,345600,2636,1609549324
job716,4000000,1,0,345600,1794,1609549325
job717,4000000,1,0,345600,3083,1609549325
job718,4000000,1,0,345600,2305,1609549326
job719,4000000,1,0,345600,2969,1609549327
job720,4000000,1,0,345600,1873,1609549327
job721,4000000,1,0,345600,4596,1609549328
job722,4000000,1,0,345600,3911,1609549329
job723,4000000,1,0,345600,1631,1609549329
job724,4000000,1,0,345600,3173,1609549330
job725,4000000,1,0,345600,1988,1609549331
job726,4000000,1,0,345600,2813,1609549331
job727,4000000,1,0,345600,1762,1609549332
job728,4000000,1,0,345600,2193,1609549332
job729,4000000,1,0,345600,3609,1609549333
job730,4000000,1,0,345600,2141,1609549334
job731,4000000,1,0,345600,5125,1609549335
job732,4000000,1,0,345600,2221,1609549335
job733,4000000,1,0,345600,4594,1609549336
job734,4000000,1,0,345600,1899,1609549337
job735,4000000,1,0,345600,3853,1609549338
job736,4000000,1,0,345600,3733,1609549338
job737,4000000,1,0,345600,3240,1609549339
job738,4000000,1,0,345600,2600,1609549340
job739,4000000,1,0,345600,1923,1609549340
job740,4000000,1,0,345600,3521,1609549341
job741,4000000,1,0,345600,2107,1609549342
job742,4000000,1,0,345600,1874,1609549342
job743,4000000,1,0,345600,3102,1609549343
job744,4000000,1,0,345600,3145,1609549344
job745,4000000,1,0,345600,2845,1609549344
job746,4000000,1,0,345600,3831,1609549345
job747,4000000,1,0,345600,2575,1609549346
job748,4000000,1,0,345600,2011,1609549347
job749,4000000,1,0,345600,3922,1609549347
job750,4000000,1,0,345600,2389,1609549348
job751,4000000,1,0,345600,3440,1609549349
job752,4000000,1,0,345600,3499,1609549349
job753,4000000,1,0,345600,1917,1609549350
job754,4000000,1,0,345600,2202,1609549351
job755,4000000,1,0,345600,4255,1609549351
job756,4000000,1,0,345600,2542,1609549352
job757,4000000,1,0,345600,4577,1609549354
job758,4000000,1,0,345600,1470,1609549354
job759,4000000,1,0,345600,2516,1609549355
job760,4000000,1,0,345600,1916,1609549356
job761,4000000,1,0,345600,3290,1609549357
job762,96000000,4,0,86400,5808,1609550016
job763,50000000,50,0,85800,85827,1609550205
job765,50000000,50,0,85800,33396,1609550221
job767,50000000,50,0,85800,29636,1609550352
job769,50000000,50,0,85800,53751,1609550356
job771,1000000,1,0,84600,67,1609550846
job772,1000000,1,0,84600,262,1609550846
job773,1000000,1,0,84600,25,1609550846
job774,1000000,1,0,84600,463,1609550846
job775,1000000,1,0,84600,106,1609550846
job776,1000000,1,0,84600,739,1609550846
job777,1000000,1,0,84600,6,1609550846
job778,1000000,1,0,84600,4,1609550846
job779,1000000,1,0,84600,10,1609550846
job780,1000000,1,0,84600,11,1609550846
job781,1000000,1,0,84600,75,1609550846
job782,1000000,1,0,84600,14,1609550846
job783,1000000,1,0,84600,12,1609550846
job784,1000000,1,0,84600,54,1609550846
job785,1000000,1,0,84600,14,1609550846
job786,1000000,1,0,84600,6,1609550846
job787,1000000,1,0,84600,7,1609550846
job788,1000000,1,0,84600,73,1609550846
job789,1000000,1,0,84600,134,1609550846
job790,1000000,1,0,84600,25,1609550846
job791,1000000,1,0,84600,13,1609550846
job792,1000000,1,0,84600,16,1609550846
job793,1000000,1,0,84600,11,1609550846
job794,1000000,1,0,84600,117,1609550846
job795,1000000,1,0,84600,8,1609550846
job796,1000000,1,0,84600,4336,1609550846
job797,1000000,1,0,84600,9,1609550846
job798,1000000,1,0,84600,41,1609550846
job799,1000000,1,0,84600,10090,1609550846
job800,4000000,1,0,28800,3,1609554105
job801,4000000,1,0,28800,26618,1609554195
job802,4000000,1,0,28800,26540,1609554244
job803,4000000,1,0,28800,28818,1609554307
job804,4000000,1,0,28800,28805,1609554381
job805,4000000,1,0,90000,137,1609555028
job806,4000000,1,0,90000,69348,1609555603
job807,50000000,4,0,72000,15602,1609555752
job809,100000000,1,0,259200,13108,1609556152
job810,100000000,1,0,259200,17431,1609556153
job811,100000000,1,0,259200,19212,1609556153
job812,100000000,1,0,259200,11863,1609556153
job813,100000000,1,0,259200,20610,1609556153
job814,100000000,1,0,259200,11407,1609556153
job815,100000000,1,0,259200,20734,1609556153
job816,100000000,1,0,259200,33493,1609556153
job817,100000000,1,0,259200,15971,1609556153
job818,4000000,1,0,345600,3503,1609556290
job819,4000000,1,0,345600,7608,1609556291
job820,4000000,1,0,345600,12224,1609556292
job821,4000000,1,0,345600,3962,1609556293
job822,4000000,1,0,345600,6440,1609556294
job823,4000000,1,0,345600,5537,1609556295
job824,4000000,1,0,345600,4218,1609556295
job825,4000000,1,0,345600,3665,1609556296
job826,4000000,1,0,345600,5567,1609556297
job827,4000000,1,0,345600,3823,1609556297
job828,4000000,1,0,345600,5916,1609556298
job829,4000000,1,0,345600,3722,1609556299
job830,4000000,1,0,345600,4010,1609556300
job831,4000000,1,0,345600,9919,1609556301
job832,4000000,1,0,345600,6545,1609556301
job833,4000000,1,0,345600,3806,1609556302
job834,4000000,1,0,345600,4452,1609556303
job835,4000000,1,0,345600,7212,1609556304
job836,4000000,1,0,345600,4285,1609556304
job837,4000000,1,0,345600,3888,1609556305
job838,4000000,1,0,345600,6401,1609556306
job839,4000000,1,0,345600,5845,1609556306
job840,4000000,1,0,345600,3873,1609556307
job841,4000000,1,0,345600,3991,1609556308
job842,4000000,1,0,345600,10901,1609556309
job843,4000000,1,0,345600,3195,1609556309
job844,4000000,1,0,345600,5774,1609556310
job845,4000000,1,0,345600,4500,1609556311
job846,4000000,1,0,345600,7495,1609556312
job847,4000000,1,0,345600,3988,1609556313
job848,4000000,1,0,345600,6402,1609556313
job849,4000000,1,0,345600,3795,1609556314
job850,4000000,1,0,345600,8471,1609556315
job851,4000000,1,0,345600,3364,1609556316
job852,4000000,1,0,345600,7791,1609556317
job853,4000000,1,0,345600,7447,1609556318
job854,4000000,1,0,345600,6651,1609556319
job855,4000000,1,0,345600,5106,1609556320
job856,4000000,1,0,345600,4607,1609556321
job857,4000000,1,0,345600,5867,1609556322
job858,4000000,1,0,345600,3483,1609556322
job859,4000000,1,0,345600,3721,1609556323
job860,4000000,1,0,345600,5240,1609556324
job861,4000000,1,0,345600,4157,1609556325
job862,4000000,1,0,345600,5116,1609556326
job863,4000000,1,0,345600,10313,1609556327
job864,4000000,1,0,345600,4748,1609556327
job865,4000000,1,0,345600,4376,1609556328
job866,4000000,1,0,345600,2966,1609556329
job867,4000000,1,0,345600,7457,1609556332
job868,4000000,1,0,345600,4550,1609556332
job869,4000000,1,0,345600,1863,1609556334
job870,4000000,1,0,345600,5421,1609556335
job871,4000000,1,0,345600,5246,1609556336
job872,4000000,1,0,345600,6287,1609556337
job873,4000000,1,0,345600,3010,1609556337
job874,4000000,1,0,345600,2906,1609556338
job875,4000000,1,0,345600,5092,1609556339
job876,4000000,1,0,345600,3749,1609556340
job877,72000000,24,0,86400,1,1609556773
job878,72000000,24,0,86400,48279,1609556930
job879,32000000,32,0,216000,85018,1609556933
job880,72000000,24,0,86400,45473,1609556935
job881,32000000,32,0,216000,101581,1609556938
job882,4000000,1,0,345600,1832,1609556993
job883,4000000,1,0,345600,2849,1609556995
job884,4000000,1,0,345600,1841,1609556995
job885,4000000,1,0,345600,2526,1609556996
job886,4000000,1,0,345600,3303,1609556997
job887,4000000,1,0,345600,1982,1609556998
job888,4000000,1,0,345600,4852,1609556998
job889,4000000,1,0,345600,2956,1609556999
job890,4000000,1,0,345600,3327,1609557000
job891,4000000,1,0,345600,1743,1609557001
job892,4000000,1,0,345600,2074,1609557002
job893,4000000,1,0,345600,3072,1609557002
job894,4000000,1,0,345600,1495,1609557003
job895,4000000,1,0,345600,2128,1609557004
job896,4000000,1,0,345600,2535,1609557006
job897,4000000,1,0,345600,3145,1609557006
job898,4000000,1,0,345600,2989,1609557007
job899,4000000,1,0,345600,2169,1609557008
job900,4000000,1,0,345600,2679,1609557009
job901,4000000,1,0,345600,2229,1609557009
job902,4000000,1,0,345600,1480,1609557010
job903,4000000,1,0,345600,3545,1609557011
job904,4000000,1,0,345600,3458,1609557011
job905,4000000,1,0,345600,2301,1609557012
job906,4000000,1,0,345600,2607,1609557013
job907,4000000,1,0,345600,2574,1609557014
job908,4000000,1,0,345600,2786,1609557015
job909,4000000,1,0,345600,3397,1609557016
job910,4000000,1,0,345600,1887,1609557017
job911,4000000,1,0,345600,2065,1609557018
job912,4000000,1,0,345600,2713,1609557019
job913,4000000,1,0,345600,2403,1609557020
job914,4000000,1,0,345600,3282,1609557021
job915,4000000,1,0,345600,3219,1609557021
job916,4000000,1,0,345600,2738,1609557022
job917,4000000,1,0,345600,2525,1609557023
job918,4000000,1,0,345600,2057,1609557024
job919,4000000,1,0,345600,1859,1609557025
job920,4000000,1,0,345600,2725,1609557025
job921,4000000,1,0,345600,3067,1609557026
job922,4000000,1,0,345600,3327,1609557027
job923,4000000,1,0,345600,3269,1609557028
job924,4000000,1,0,345600,2059,1609557029
job925,4000000,1,0,345600,2494,1609557029
job926,4000000,1,0,345600,1831,1609557030
job927,4000000,1,0,345600,1888,1609557031
job928,4000000,1,0,345600,3157,1609557032
job929,4000000,1,0,345600,2495,1609557032
job930,4000000,1,0,345600,2240,1609557033
job931,4000000,1,0,345600,2087,1609557034
job932,4000000,1,0,345600,3397,1609557035
job933,4000000,1,0,345600,1813,1609557036
job934,4000000,1,0,345600,1896,1609557037
job935,4000000,1,0,345600,2287,1609557038
job936,4000000,1,0,345600,4313,1609557039
job937,4000000,1,0,345600,2629,1609557040
job938,4000000,1,0,345600,3427,1609557041
job939,4000000,1,0,345600,2656,1609557042
job940,4000000,1,0,345600,4957,1609557042
job941,4000000,1,0,345600,3353,1609557043
job942,4000000,1,0,345600,4875,1609557044
job943,4000000,1,0,345600,3708,1609557045
job944,4000000,1,0,345600,2321,1609557046
job945,4000000,1,0,345600,2959,1609557047
job946,4000000,1,0,345600,1823,1609557048
job947,4000000,1,0,345600,3391,1609557049
job948,4000000,1,0,345600,3173,1609557050
job949,4000000,1,0,345600,3730,1609557205
job950,32000000,32,0,82800,198,1609557335
job951,32000000,32,0,82800,195,1609557335
job952,4000000,1,0,345600,5879,1609560378
job953,4000000,1,0,345600,4516,1609560379
job954,4000000,1,0,345600,3711,1609560380
job955,4000000,1,0,345600,3109,1609560381
job956,4000000,1,0,345600,3913,1609560381
job957,4000000,1,0,345600,6567,1609560382
job958,4000000,1,0,345600,2814,1609560383
job959,4000000,1,0,345600,4905,1609560384
job960,4000000,1,0,345600,6156,1609560384
job961,4000000,1,0,345600,4205,1609560385
job962,4000000,1,0,345600,3034,1609560386
job963,4000000,1,0,345600,3497,1609560387
job964,4000000,1,0,345600,2842,1609560388
job965,4000000,1,0,345600,3329,1609560388
job966,4000000,1,0,345600,5453,1609560389
job967,4000000,1,0,345600,3232,1609560390
job968,4000000,1,0,345600,7765,1609560391
job969,4000000,1,0,345600,3538,1609560391
job970,4000000,1,0,345600,5184,1609560392
job971,4000000,1,0,345600,4428,1609560393
job972,4000000,1,0,345600,3893,1609560394
job973,4000000,1,0,345600,14546,1609560395
job974,4000000,1,0,345600,6485,1609560396
job975,4000000,1,0,345600,4879,1609560397
job976,4000000,1,0,345600,4155,1609560398
job977,4000000,1,0,345600,8880,1609560398
job978,4000000,1,0,345600,3850,1609560399
job979,4000000,1,0,345600,6472,1609560400
job980,4000000,1,0,345600,3931,1609560401
job981,4000000,1,0,345600,9951,1609560402
job982,4000000,1,0,345600,3212,1609560403
job983,4000000,1,0,345600,5566,1609560404
job984,4000000,1,0,345600,2861,1609560404
job985,4000000,1,0,345600,5358,1609560405
job986,4000000,1,0,345600,4499,1609560406
job987,4000000,1,0,345600,4013,1609560407
job988,4000000,1,0,345600,4967,1609560408
job989,4000000,1,0,345600,4006,1609560408
job990,4000000,1,0,345600,5197,1609560409
job991,4000000,1,0,345600,4949,1609560410
job992,4000000,1,0,345600,4576,1609560411
job993,4000000,1,0,345600,3385,1609560412
job994,4000000,1,0,345600,4616,1609560412
job995,4000000,1,0,345600,4743,1609560413
job996,4000000,1,0,345600,3464,1609560414
job997,4000000,1,0,345600,6893,1609560415
job998,4000000,1,0,345600,7053,1609560416
job999,4000000,1,0,345600,4714,1609560416
